stock_id,name,code,date,open,high,low,close,volume,amount,outstanding_share,turnover,adjust,source
byd,比亚迪,002594,2025-07-04,109.54,110.35,108.63,109.03,10410355.0,3454495463.0,1162413941.0,0.008955807077678535,qfq,stock_zh_a_daily
byd,比亚迪,002594,2025-07-07,108.44,108.86,108.19,108.24,8820772.0,2901015557.0,1162413941.0,0.007588322618026826,qfq,stock_zh_a_daily
byd,比亚迪,002594,2025-07-08,107.71,108.63,107.29,107.68,11691814.0,3825413668.0,1162413941.0,0.010058219010984831,qfq,stock_zh_a_daily
byd,比亚迪,002594,2025-07-09,107.68,108.11,107.31,107.32,12163311.0,3969384130.0,1162413941.0,0.010463837855846913,qfq,stock_zh_a_daily
byd,比亚迪,002594,2025-07-10,107.32,107.41,105.03,105.81,21002206.0,6741345468.0,1162413941.0,0.01806775130547062,qfq,stock_zh_a_daily
byd,比亚迪,002594,2025-07-11,105.38,107.67,105.09,106.7,16826983.0,5456832018.0,1162413941.0,0.014475895725686243,qfq,stock_zh_a_daily
byd,比亚迪,002594,2025-07-14,106.7,106.7,104.61,104.91,17230914.0,5502331854.0,1162413941.0,0.014823388977231821,qfq,stock_zh_a_daily
byd,比亚迪,002594,2025-07-15,104.82,107.06,104.75,106.41,16279094.0,5252631322.0,1162413941.0,0.01400455846735238,qfq,stock_zh_a_daily
byd,比亚迪,002594,2025-07-16,106.42,107.36,106.42,106.63,11075835.0,3594544238.0,1162413941.0,0.009528305373274941,qfq,stock_zh_a_daily
byd,比亚迪,002594,2025-07-17,107.06,108.28,106.76,108.05,15689135.0,5138610961.0,1162413941.0,0.013497029282445607,qfq,stock_zh_a_daily
byd,比亚迪,002594,2025-07-18,108.42,108.54,107.14,108.41,13686649.0,4482466755.0,1162413941.0,0.011774333150397066,qfq,stock_zh_a_daily
byd,比亚迪,002594,2025-07-21,108.04,110.06,107.8,110.06,15394503.0,5102459146.0,1162413941.0,0.013243563636854215,qfq,stock_zh_a_daily
byd,比亚迪,002594,2025-07-22,110.35,112.66,109.76,112.55,21416417.0,7227731007.0,1162413941.0,0.018424088222458786,qfq,stock_zh_a_daily
byd,比亚迪,002594,2025-07-23,112.69,112.99,111.01,111.36,15890735.0,5395840274.0,1162413941.0,0.01367046147633909,qfq,stock_zh_a_daily
byd,比亚迪,002594,2025-07-24,111.36,114.15,111.22,112.89,18906327.0,6489370096.0,1162413941.0,0.016264711161099194,qfq,stock_zh_a_daily
byd,比亚迪,002594,2025-07-25,112.33,112.46,110.35,111.32,15704076.0,5307866611.0,1162413941.0,0.013509882707093239,qfq,stock_zh_a_daily
byd,比亚迪,002594,2025-07-28,111.32,111.7,110.52,111.01,11705670.0,3947000994.0,1162413941.0,0.010070139033200051,qfq,stock_zh_a_daily
byd,比亚迪,002594,2025-07-29,112.01,112.5,109.77,111.42,38735984.0,4322742015.0,3487241823.0,0.01110791449692934,qfq,stock_zh_a_daily
byd,比亚迪,002594,2025-07-30,108.05,111.16,107.12,108.7,52483427.0,5743878668.0,3487241823.0,0.015050125475625785,qfq,stock_zh_a_daily
byd,比亚迪,002594,2025-07-31,108.2,108.2,105.0,105.24,59949943.0,6344900791.0,3487241823.0,0.017191220466731594,qfq,stock_zh_a_daily
byd,比亚迪,002594,2025-08-01,104.95,106.24,104.36,105.8,36233692.0,3816659558.0,3487241823.0,0.010390358294346484,qfq,stock_zh_a_daily
byd,比亚迪,002594,2025-08-04,104.0,105.14,102.57,104.88,41293694.0,4293903590.0,3487241823.0,0.011841362341908343,qfq,stock_zh_a_daily
byd,比亚迪,002594,2025-08-05,104.88,105.21,103.78,104.86,33834986.0,3539636640.0,3487241823.0,0.009702506369602003,qfq,stock_zh_a_daily
byd,比亚迪,002594,2025-08-06,104.86,105.0,103.9,104.35,30561960.0,3184784993.0,3487241823.0,0.008763934809002777,qfq,stock_zh_a_daily
byd,比亚迪,002594,2025-08-07,104.27,106.43,104.16,105.33,42876298.0,4526612773.0,3487241823.0,0.012295189200017804,qfq,stock_zh_a_daily
byd,比亚迪,002594,2025-08-08,105.0,105.03,103.91,103.93,32661461.0,3405317252.0,3487241823.0,0.009365986833658137,qfq,stock_zh_a_daily
byd,比亚迪,002594,2025-08-11,103.88,105.66,103.23,105.52,35669790.0,3741329572.0,3487241823.0,0.010228653993749719,qfq,stock_zh_a_daily
byd,比亚迪,002594,2025-08-12,105.4,106.43,104.7,105.67,31219504.0,3302639096.0,3487241823.0,0.008952491850175886,qfq,stock_zh_a_daily
byd,比亚迪,002594,2025-08-13,106.29,107.65,105.84,106.83,45983014.0,4908744877.0,3487241823.0,0.013186069774892121,qfq,stock_zh_a_daily
byd,比亚迪,002594,2025-08-14,107.37,107.5,105.79,106.37,41954793.0,4478119017.0,3487241823.0,0.01203093881338782,qfq,stock_zh_a_daily
byd,比亚迪,002594,2025-08-15,105.85,106.64,105.32,106.07,36135346.0,3831047052.0,3487241823.0,0.010362156636706522,qfq,stock_zh_a_daily
byd,比亚迪,002594,2025-08-18,105.66,109.49,105.66,108.37,61925173.0,6680761816.0,3487241823.0,0.017757636591639373,qfq,stock_zh_a_daily
byd,比亚迪,002594,2025-08-19,108.67,108.92,107.18,107.63,38973519.0,4205349329.0,3487241823.0,0.01117602993372909,qfq,stock_zh_a_daily
byd,比亚迪,002594,2025-08-20,107.18,108.26,106.01,108.25,38505345.0,4130459252.0,3487241823.0,0.011041776554192239,qfq,stock_zh_a_daily
byd,比亚迪,002594,2025-08-21,107.8,108.83,107.0,107.1,44946378.0,4843670255.0,3487241823.0,0.012888804471074388,qfq,stock_zh_a_daily
byd,比亚迪,002594,2025-08-22,107.11,110.97,107.11,110.66,76312005.0,8351469726.0,3487241823.0,0.021883198491336745,qfq,stock_zh_a_daily
byd,比亚迪,002594,2025-08-25,111.31,112.49,110.31,111.61,61162758.0,6803182883.0,3487241823.0,0.017539006786567782,qfq,stock_zh_a_daily
byd,比亚迪,002594,2025-08-26,111.75,114.69,110.71,113.75,69291585.0,7850511029.0,3487241823.0,0.01987002580176385,qfq,stock_zh_a_daily
byd,比亚迪,002594,2025-08-27,113.96,114.06,110.66,110.68,68974693.0,7761766931.0,3487241823.0,0.019779153984985916,qfq,stock_zh_a_daily
byd,比亚迪,002594,2025-08-28,109.39,110.19,107.11,109.32,76252199.0,8278465956.0,3487241823.0,0.021866048547904214,qfq,stock_zh_a_daily
byd,比亚迪,002594,2025-08-29,108.88,116.59,108.12,114.06,114490194.0,12973326091.0,3487241823.0,0.03283115992842347,qfq,stock_zh_a_daily
byd,比亚迪,002594,2025-09-01,108.5,111.48,108.5,109.7,132986738.0,14546890247.0,3487241823.0,0.03813522111454672,qfq,stock_zh_a_daily
byd,比亚迪,002594,2025-09-02,108.79,111.1,108.6,110.02,77322410.0,8495472755.0,3487241823.0,0.022172941804615424,qfq,stock_zh_a_daily
byd,比亚迪,002594,2025-09-03,110.5,110.73,107.01,107.21,73522327.0,7975948716.0,3487241823.0,0.02108323160013902,qfq,stock_zh_a_daily
byd,比亚迪,002594,2025-09-04,106.59,107.09,103.71,104.0,81574074.0,8588835881.0,3487241823.0,0.023392147186920224,qfq,stock_zh_a_daily
byd,比亚迪,002594,2025-09-05,103.86,107.5,103.11,107.26,78752385.0,8307907948.0,3487241823.0,0.02258300083481191,qfq,stock_zh_a_daily
byd,比亚迪,002594,2025-09-08,106.15,107.13,105.51,106.25,55592345.0,5910440232.0,3487241823.0,0.015941637495094932,qfq,stock_zh_a_daily
byd,比亚迪,002594,2025-09-09,106.0,107.2,105.27,105.49,38163622.0,4049249507.0,3487241823.0,0.010943784210287043,qfq,stock_zh_a_daily
byd,比亚迪,002594,2025-09-10,105.52,106.45,105.02,105.2,32236895.0,3401353898.0,3487241823.0,0.0092442384658794,qfq,stock_zh_a_daily
byd,比亚迪,002594,2025-09-11,105.25,106.6,104.89,106.59,53778149.0,5683446689.0,3487241823.0,0.01542139941236877,qfq,stock_zh_a_daily
byd,比亚迪,002594,2025-09-12,106.6,107.58,105.9,105.91,45591018.0,4859782579.0,3487241823.0,0.013073661166629108,qfq,stock_zh_a_daily
byd,比亚迪,002594,2025-09-15,106.0,110.85,106.0,108.7,97480407.0,10620465041.0,3487241823.0,0.027953440554959758,qfq,stock_zh_a_daily
byd,比亚迪,002594,2025-09-16,109.0,109.0,107.22,107.8,53316021.0,5753437964.0,3487241823.0,0.015288879781251694,qfq,stock_zh_a_daily
byd,比亚迪,002594,2025-09-17,108.2,112.0,108.2,110.99,98123971.0,10827682692.0,3487241823.0,0.02813798869720656,qfq,stock_zh_a_daily
byd,比亚迪,002594,2025-09-18,110.99,112.8,108.56,109.71,93401380.0,10362193293.0,3487241823.0,0.026783740486241582,qfq,stock_zh_a_daily
byd,比亚迪,002594,2025-09-19,109.8,110.8,109.0,109.09,47297748.0,5188176204.0,3487241823.0,0.013563082344347072,qfq,stock_zh_a_daily
byd,比亚迪,002594,2025-09-22,108.87,108.91,107.15,107.99,49155923.0,5293961578.0,3487241823.0,0.014095931826635471,qfq,stock_zh_a_daily
byd,比亚迪,002594,2025-09-23,107.45,107.69,104.64,105.6,65096262.0,6888232046.0,3487241823.0,0.018666976740947396,qfq,stock_zh_a_daily
byd,比亚迪,002594,2025-09-24,105.0,105.83,104.0,105.71,54816227.0,5758922305.0,3487241823.0,0.015719078223500646,qfq,stock_zh_a_daily
byd,比亚迪,002594,2025-09-25,105.34,108.8,104.87,107.5,69348204.0,7421942405.0,3487241823.0,0.019886261842415393,qfq,stock_zh_a_daily
byd,比亚迪,002594,2025-09-26,107.45,111.23,107.0,107.29,75661207.0,8250492997.0,3487241823.0,0.021696575930289307,qfq,stock_zh_a_daily
byd,比亚迪,002594,2025-09-29,107.0,109.14,106.39,108.61,61398368.0,6621874267.0,3487241823.0,0.017606570211176318,qfq,stock_zh_a_daily
byd,比亚迪,002594,2025-09-30,108.19,109.98,107.76,109.21,56775550.0,6200518750.0,3487241823.0,0.016280932863771747,qfq,stock_zh_a_daily
byd,比亚迪,002594,2025-10-09,108.67,112.48,108.07,110.6,100872197.0,11196004667.0,3487241823.0,0.02892606883030033,qfq,stock_zh_a_daily
byd,比亚迪,002594,2025-10-10,110.55,110.55,107.58,107.79,59010253.0,6420415513.0,3487241823.0,0.016921755357142035,qfq,stock_zh_a_daily
byd,比亚迪,002594,2025-10-13,105.0,105.98,104.1,105.69,74442980.0,7841774365.0,3487241823.0,0.02134723766760697,qfq,stock_zh_a_daily
byd,比亚迪,002594,2025-10-14,106.68,109.36,105.62,105.99,76778627.0,8244228529.0,3487241823.0,0.02201700682000567,qfq,stock_zh_a_daily
byd,比亚迪,002594,2025-10-15,106.45,107.51,105.5,107.1,47579133.0,5063179652.0,3487241823.0,0.01364377218872326,qfq,stock_zh_a_daily
byd,比亚迪,002594,2025-10-16,107.0,109.3,106.51,106.96,52309638.0,5628738804.0,3487241823.0,0.015000289815003174,qfq,stock_zh_a_daily
byd,比亚迪,002594,2025-10-17,106.6,106.63,104.26,104.43,62572494.0,6576614911.0,3487241823.0,0.017943262089627675,qfq,stock_zh_a_daily
byd,比亚迪,002594,2025-10-20,105.22,105.63,104.08,104.52,35561452.0,3721699722.0,3487241823.0,0.010197587034387893,qfq,stock_zh_a_daily
byd,比亚迪,002594,2025-10-21,104.69,105.07,104.24,104.76,29907419.0,3133789475.0,3487241823.0,0.008576238906847958,qfq,stock_zh_a_daily
byd,比亚迪,002594,2025-10-22,104.1,104.32,103.37,103.78,35787419.0,3715302136.0,3487241823.0,0.010262385236367935,qfq,stock_zh_a_daily
byd,比亚迪,002594,2025-10-23,103.3,103.73,102.0,103.69,37860342.0,3889661811.0,3487241823.0,0.010856815764910032,qfq,stock_zh_a_daily
byd,比亚迪,002594,2025-10-24,103.98,104.37,103.61,103.76,30554268.0,3173964302.0,3487241823.0,0.008761729054314568,qfq,stock_zh_a_daily
byd,比亚迪,002594,2025-10-27,104.0,104.97,103.88,104.01,34598784.0,3607756848.0,3487241823.0,0.009921532763172529,qfq,stock_zh_a_daily
byd,比亚迪,002594,2025-10-28,104.02,104.32,103.5,103.72,26541583.0,2755526047.0,3487241823.0,0.007611053189642822,qfq,stock_zh_a_daily
byd,比亚迪,002594,2025-10-29,103.73,105.18,103.0,104.52,39734040.0,4128608369.0,3487241823.0,0.011394116616156446,qfq,stock_zh_a_daily
byd,比亚迪,002594,2025-10-30,104.0,104.86,103.5,103.61,35898945.0,3733925603.0,3487241823.0,0.010294366385270322,qfq,stock_zh_a_daily
byd,比亚迪,002594,2025-10-31,101.0,101.32,100.0,100.79,63705259.0,6418551106.0,3487241823.0,0.01826809330509684,qfq,stock_zh_a_daily
byd,比亚迪,002594,2025-11-03,100.79,100.99,98.5,99.6,55167021.0,5472679665.0,3487241823.0,0.015819671763554668,qfq,stock_zh_a_daily
byd,比亚迪,002594,2025-11-04,99.0,99.54,97.71,97.8,43501704.0,4274197474.0,3487241823.0,0.012474530361813684,qfq,stock_zh_a_daily
byd,比亚迪,002594,2025-11-05,96.66,96.66,94.73,95.8,58721510.0,5617215879.0,3487241823.0,0.016838955535777307,qfq,stock_zh_a_daily
byd,比亚迪,002594,2025-11-06,95.58,97.75,95.4,97.52,40200367.0,3897723836.0,3487241823.0,0.011527840350749314,qfq,stock_zh_a_daily
byd,比亚迪,002594,2025-11-07,97.0,98.15,96.83,97.2,32256073.0,3145817991.0,3487241823.0,0.009249737941101769,qfq,stock_zh_a_daily
byd,比亚迪,002594,2025-11-10,97.35,100.35,97.35,99.39,55487690.0,5513238813.0,3487241823.0,0.015911626671265694,qfq,stock_zh_a_daily
byd,比亚迪,002594,2025-11-11,99.5,99.78,98.14,98.71,31985788.0,3161124110.0,3487241823.0,0.009172231128061922,qfq,stock_zh_a_daily
byd,比亚迪,002594,2025-11-12,98.8,98.99,97.54,97.77,26064335.0,2555847684.0,3487241823.0,0.007474197753678409,qfq,stock_zh_a_daily
byd,比亚迪,002594,2025-11-13,97.01,100.5,97.01,99.83,57999022.0,5759429264.0,3487241823.0,0.0166317751804504,qfq,stock_zh_a_daily
byd,比亚迪,002594,2025-11-14,99.0,100.5,98.33,98.37,34298466.0,3396134916.0,3487241823.0,0.009835413699671036,qfq,stock_zh_a_daily
byd,比亚迪,002594,2025-11-17,97.8,98.59,97.25,98.08,20724759.0,2029207779.0,3487241823.0,0.005943023183339471,qfq,stock_zh_a_daily
byd,比亚迪,002594,2025-11-18,97.54,97.85,96.02,96.49,30475645.0,2949162765.0,3487241823.0,0.008739183155867995,qfq,stock_zh_a_daily
byd,比亚迪,002594,2025-11-19,96.4,96.66,95.01,95.17,34829235.0,3327809284.0,3487241823.0,0.009987616795108619,qfq,stock_zh_a_daily
byd,比亚迪,002594,2025-11-20,95.17,95.5,93.5,93.61,39181087.0,3692348085.0,3487241823.0,0.011235552046199464,qfq,stock_zh_a_daily
byd,比亚迪,002594,2025-11-21,92.49,94.39,91.7,92.7,45171313.0,4182916493.0,3487241823.0,0.012953306737168024,qfq,stock_zh_a_daily
byd,比亚迪,002594,2025-11-24,93.1,94.41,92.2,93.93,32730213.0,3064736739.0,3487241823.0,0.009385702128292008,qfq,stock_zh_a_daily
byd,比亚迪,002594,2025-11-25,94.0,95.38,93.7,93.91,27748887.0,2620855758.0,3487241823.0,0.007957259177434452,qfq,stock_zh_a_daily
byd,比亚迪,002594,2025-11-26,94.75,95.44,94.45,95.09,30657697.0,2914626393.0,3487241823.0,0.008791388310898908,qfq,stock_zh_a_daily
byd,比亚迪,002594,2025-11-27,94.6,95.16,94.22,94.29,20227996.0,1915349541.0,3487241823.0,0.005800571634174278,qfq,stock_zh_a_daily
byd,比亚迪,002594,2025-11-28,94.6,95.23,94.2,95.17,21935062.0,2080615710.0,3487241823.0,0.006290089163111072,qfq,stock_zh_a_daily
byd,比亚迪,002594,2025-12-01,95.39,96.3,95.14,95.77,23371272.0,2237016414.0,3487241823.0,0.0067019361392879236,qfq,stock_zh_a_daily
byd,比亚迪,002594,2025-12-02,96.42,97.8,96.25,96.62,35921746.0,3483571735.0,3487241823.0,0.01030090479045049,qfq,stock_zh_a_daily
byd,比亚迪,002594,2025-12-03,96.64,96.65,94.89,95.05,23157284.0,2207429346.0,3487241823.0,0.00664057303031491,qfq,stock_zh_a_daily
byd,比亚迪,002594,2025-12-04,94.92,95.29,94.2,95.24,16614164.0,1576759405.0,3487241823.0,0.0047642706882045785,qfq,stock_zh_a_daily
byd,比亚迪,002594,2025-12-05,95.29,96.22,94.71,95.98,21161847.0,2021250209.0,3487241823.0,0.006068362354577095,qfq,stock_zh_a_daily
byd,比亚迪,002594,2025-12-08,96.21,97.15,96.21,96.53,24780498.0,2397261754.0,3487241823.0,0.007106045194962093,qfq,stock_zh_a_daily
byd,比亚迪,002594,2025-12-09,96.21,96.66,95.7,96.03,16322702.0,1568057388.0,3487241823.0,0.00468069116754224,qfq,stock_zh_a_daily
byd,比亚迪,002594,2025-12-10,95.6,96.65,94.9,96.47,19840224.0,1902988180.0,3487241823.0,0.005689374298376554,qfq,stock_zh_a_daily
byd,比亚迪,002594,2025-12-11,96.98,97.12,95.85,96.23,25090767.0,2422448208.0,3487241823.0,0.007195017803042677,qfq,stock_zh_a_daily
byd,比亚迪,002594,2025-12-12,96.2,97.7,95.65,97.0,55462088.0,5390456375.0,3487241823.0,0.015904285052502364,qfq,stock_zh_a_daily
byd,比亚迪,002594,2025-12-15,96.55,97.16,95.53,95.53,29330099.0,2824248327.0,3487241823.0,0.008410686866208762,qfq,stock_zh_a_daily
byd,比亚迪,002594,2025-12-16,95.5,95.7,94.14,94.25,25876771.0,2450336536.0,3487241823.0,0.007420411979843361,qfq,stock_zh_a_daily
byd,比亚迪,002594,2025-12-17,94.5,95.7,93.68,95.21,27282500.0,2584139145.0,3487241823.0,0.007823518237266793,qfq,stock_zh_a_daily
byd,比亚迪,002594,2025-12-18,94.39,94.6,93.5,93.53,25279734.0,2376126962.0,3487241823.0,0.007249205900568255,qfq,stock_zh_a_daily
byd,比亚迪,002594,2025-12-19,94.0,95.27,93.73,94.23,27206794.0,2573037718.0,3487241823.0,0.0078018088165146444,qfq,stock_zh_a_daily
byd,比亚迪,002594,2025-12-22,94.7,95.36,94.25,94.37,20623482.0,1952361858.0,3487241823.0,0.005913981033370969,qfq,stock_zh_a_daily
byd,比亚迪,002594,2025-12-23,94.5,95.5,94.5,94.81,23661741.0,2247679864.0,3487241823.0,0.006785230907687471,qfq,stock_zh_a_daily
byd,比亚迪,002594,2025-12-24,94.8,94.8,94.05,94.42,19280995.0,1819358259.0,3487241823.0,0.005529010025296431,qfq,stock_zh_a_daily
byd,比亚迪,002594,2025-12-25,94.43,95.23,94.12,94.84,18220163.0,1725723851.0,3487241823.0,0.005224806286684639,qfq,stock_zh_a_daily
byd,比亚迪,002594,2025-12-26,95.28,101.45,95.25,100.01,102095895.0,10178557962.0,3487241823.0,0.029276975954644027,qfq,stock_zh_a_daily
byd,比亚迪,002594,2025-12-29,100.5,101.3,99.6,100.21,51916696.0,5209488142.0,3487241823.0,0.014887609932177623,qfq,stock_zh_a_daily
byd,比亚迪,002594,2025-12-30,99.26,100.15,98.74,99.75,31875638.0,3174697986.0,3487241823.0,0.009140644560341407,qfq,stock_zh_a_daily
byd,比亚迪,002594,2025-12-31,99.98,100.2,97.38,97.72,40285887.0,3955310311.0,3486613500.0,0.011554445882802897,qfq,stock_zh_a_daily
byd,比亚迪,002594,2026-01-05,98.4,99.48,97.9,98.11,38262521.0,3762797878.0,3486613500.0,0.01097412173732477,qfq,stock_zh_a_daily
byd,比亚迪,002594,2026-01-06,98.22,100.5,98.12,99.99,52178486.0,5185026166.0,3486613500.0,0.014965377148915417,qfq,stock_zh_a_daily
byd,比亚迪,002594,2026-01-07,99.96,99.96,97.06,97.6,56084881.0,5502570731.0,3486613500.0,0.01608577520852254,qfq,stock_zh_a_daily
byd,比亚迪,002594,2026-01-08,97.2,97.2,96.33,96.88,30065475.0,2908439429.0,3486613500.0,0.008623116671807759,qfq,stock_zh_a_daily
byd,比亚迪,002594,2026-01-09,97.05,97.95,96.9,97.01,35034058.0,3412630185.0,3486613500.0,0.01004816220667992,qfq,stock_zh_a_daily
byd,比亚迪,002594,2026-01-12,97.01,98.0,96.3,97.47,42525719.0,4125432529.0,3486613500.0,0.012196854913801028,qfq,stock_zh_a_daily
byd,比亚迪,002594,2026-01-13,99.0,99.6,96.88,97.19,49872272.0,4905229942.0,3486613500.0,0.01430392901306669,qfq,stock_zh_a_daily
byd,比亚迪,002594,2026-01-14,96.81,97.74,95.51,96.1,51474973.0,4975154616.0,3486613500.0,0.01476360170119229,qfq,stock_zh_a_daily
byd,比亚迪,002594,2026-01-15,96.08,96.64,95.6,95.67,29563546.0,2835803090.0,3486613500.0,0.008479157784480556,qfq,stock_zh_a_daily
byd,比亚迪,002594,2026-01-16,96.7,97.44,95.6,95.86,38458802.0,3705328916.0,3486613500.0,0.011030417337625751,qfq,stock_zh_a_daily
byd,比亚迪,002594,2026-01-19,96.81,97.3,95.77,96.19,33492715.0,3227653862.0,3486613500.0,0.009606087683650625,qfq,stock_zh_a_daily
byd,比亚迪,002594,2026-01-20,96.22,96.26,94.68,94.74,38914947.0,3699337566.0,3486613500.0,0.01116124485837045,qfq,stock_zh_a_daily
byd,比亚迪,002594,2026-01-21,94.01,94.94,94.0,94.1,30833393.0,2910327666.0,3486613500.0,0.008843364198526736,qfq,stock_zh_a_daily
byd,比亚迪,002594,2026-01-22,94.72,95.13,93.89,94.12,29101425.0,2741536605.0,3486613500.0,0.008346616279665068,qfq,stock_zh_a_daily
byd,比亚迪,002594,2026-01-23,94.24,94.36,93.51,93.65,38330272.0,3598066421.0,3486613500.0,0.01099355348678596,qfq,stock_zh_a_daily
byd,比亚迪,002594,2026-01-26,93.65,93.66,92.5,92.63,37545961.0,3485372554.0,3486613500.0,0.01076860426313384,qfq,stock_zh_a_daily
byd,比亚迪,002594,2026-01-27,92.67,92.99,91.8,91.81,36298092.0,3340756010.0,3486613500.0,0.010410701386890172,qfq,stock_zh_a_daily
byd,比亚迪,002594,2026-01-28,91.8,93.5,90.01,93.34,71556618.0,6553150013.0,3486613500.0,0.020523243542767217,qfq,stock_zh_a_daily
byd,比亚迪,002594,2026-01-29,92.66,92.92,91.61,92.31,37182481.0,3423462525.0,3486613500.0,0.010664354107502882,qfq,stock_zh_a_daily
byd,比亚迪,002594,2026-01-30,92.27,92.27,90.7,90.89,32917560.0,3001871204.0,3486613500.0,0.009441126755231115,qfq,stock_zh_a_daily
byd,比亚迪,002594,2026-02-02,88.0,89.09,86.97,87.05,64697385.0,5676850727.0,3486613500.0,0.01855593830517779,qfq,stock_zh_a_daily
byd,比亚迪,002594,2026-02-03,87.2,87.4,85.88,87.37,37782685.0,3275997179.0,3486613500.0,0.010836499371094616,qfq,stock_zh_a_daily
byd,比亚迪,002594,2026-02-04,86.99,89.33,86.45,89.14,37650471.0,3322530225.0,3486613500.0,0.01079857890758468,qfq,stock_zh_a_daily
byd,比亚迪,002594,2026-02-05,88.5,91.23,88.33,90.11,35424031.0,3184480193.0,3486613500.0,0.010160010852937959,qfq,stock_zh_a_daily
byd,比亚迪,002594,2026-02-06,89.39,90.66,89.0,89.82,24708779.0,2217096985.0,3486613500.0,0.007086755959615255,qfq,stock_zh_a_daily
byd,比亚迪,002594,2026-02-09,90.5,90.65,89.83,90.06,20817951.0,1875980039.0,3486613500.0,0.005970822690843135,qfq,stock_zh_a_daily
byd,比亚迪,002594,2026-02-10,90.0,91.57,89.84,90.81,26760481.0,2434219975.0,3486613500.0,0.00767520718886679,qfq,stock_zh_a_daily
byd,比亚迪,002594,2026-02-11,90.88,92.95,90.88,92.28,39694959.0,3662117779.0,3486613500.0,0.011384961080429476,qfq,stock_zh_a_daily
byd,比亚迪,002594,2026-02-12,92.29,92.35,91.08,91.16,23031332.0,2106032227.0,3486613500.0,0.006605645277286972,qfq,stock_zh_a_daily
byd,比亚迪,002594,2026-02-13,90.05,91.09,89.88,90.27,21733887.0,1963579417.0,3486613500.0,0.00623352344617492,qfq,stock_zh_a_daily
byd,比亚迪,002594,2026-02-24,91.98,91.99,90.61,90.87,20644458.0,1879888761.0,3486613500.0,0.005921062945462696,qfq,stock_zh_a_daily
byd,比亚迪,002594,2026-02-25,90.89,92.79,90.89,91.45,32478010.0,2985714580.0,3486613500.0,0.009315058867293436,qfq,stock_zh_a_daily
byd,比亚迪,002594,2026-02-26,91.4,91.4,89.61,89.85,29101894.0,2619922211.0,3486613500.0,0.00834675079414452,qfq,stock_zh_a_daily
byd,比亚迪,002594,2026-02-27,89.4,89.94,89.1,89.32,21934083.0,1962319079.0,3486613500.0,0.006290941912546372,qfq,stock_zh_a_daily
byd,比亚迪,002594,2026-03-02,88.0,97.25,87.72,96.79,143513688.0,13507227574.0,3486613500.0,0.041161341226952745,qfq,stock_zh_a_daily
byd,比亚迪,002594,2026-03-03,96.39,96.99,93.99,95.21,86574145.0,8272503576.0,3486613500.0,0.02483043933604915,qfq,stock_zh_a_daily
byd,比亚迪,002594,2026-03-04,95.2,96.8,93.7,95.99,70096892.0,6674964518.0,3486613500.0,0.020104577694086252,qfq,stock_zh_a_daily
byd,比亚迪,002594,2026-03-05,96.8,96.82,93.89,94.47,55243997.0,5235746090.0,3486613500.0,0.015844600211638027,qfq,stock_zh_a_daily
byd,比亚迪,002594,2026-03-06,96.0,96.0,93.25,93.62,50354037.0,4743654925.0,3486613500.0,0.01444210463821126,qfq,stock_zh_a_daily
byd,比亚迪,002594,2026-03-09,93.62,98.0,93.0,97.52,109340899.0,10562485735.0,3486613500.0,0.031360200664627726,qfq,stock_zh_a_daily
byd,比亚迪,002594,2026-03-10,97.18,97.49,96.08,96.6,50746243.0,4907397251.0,3486613500.0,0.014554593734005791,qfq,stock_zh_a_daily
byd,比亚迪,002594,2026-03-11,96.75,100.34,95.67,99.22,90374375.0,8925093668.0,3486613500.0,0.025920388078575385,qfq,stock_zh_a_daily
byd,比亚迪,002594,2026-03-12,99.23,100.69,98.7,99.1,50252357.0,4995016177.0,3486613500.0,0.014412941669617237,qfq,stock_zh_a_daily
byd,比亚迪,002594,2026-03-13,99.0,100.79,98.3,99.67,51976482.0,5199004697.0,3486613500.0,0.014907440127791624,qfq,stock_zh_a_daily
byd,比亚迪,002594,2026-03-16,99.67,105.0,98.79,104.62,108781426.0,11184164655.0,3486613500.0,0.031199737510337753,qfq,stock_zh_a_daily
byd,比亚迪,002594,2026-03-17,104.63,106.66,102.71,102.87,84138860.0,8793237613.0,3486613500.0,0.02413197218447069,qfq,stock_zh_a_daily
byd,比亚迪,002594,2026-03-18,102.82,102.82,100.05,101.69,61799648.0,6257459330.0,3486613500.0,0.017724834714257832,qfq,stock_zh_a_daily
byd,比亚迪,002594,2026-03-19,100.99,103.88,100.47,102.31,53105939.0,5450382395.0,3486613500.0,0.015231381109492062,qfq,stock_zh_a_daily
byd,比亚迪,002594,2026-03-20,102.0,104.45,101.56,103.03,62878324.0,6495105104.0,3486613500.0,0.01803421113352541,qfq,stock_zh_a_daily
byd,比亚迪,002594,2026-03-23,103.87,111.82,103.18,107.63,178244551.0,19284919429.0,3486613500.0,0.05112254369461944,qfq,stock_zh_a_daily
byd,比亚迪,002594,2026-03-24,108.4,108.4,104.93,106.64,92144617.0,9784806491.0,3486613500.0,0.026428113411480797,qfq,stock_zh_a_daily
byd,比亚迪,002594,2026-03-25,106.72,107.66,105.28,106.6,66266489.0,7061311678.0,3486613500.0,0.01900597499550782,qfq,stock_zh_a_daily
byd,比亚迪,002594,2026-03-26,106.62,107.68,102.7,103.14,82812067.0,8655663075.0,3486613500.0,0.023751433016593323,qfq,stock_zh_a_daily
byd,比亚迪,002594,2026-03-27,103.99,105.89,102.75,105.3,65845464.0,6893710026.0,3486613500.0,0.018885220286102834,qfq,stock_zh_a_daily
byd,比亚迪,002594,2026-03-30,103.51,108.0,103.25,106.05,72755723.0,7713482118.0,3486613500.0,0.02086716035488304,qfq,stock_zh_a_daily
byd,比亚迪,002594,2026-03-31,107.0,108.49,105.1,105.25,58865901.0,6283345063.0,3486613500.0,0.016883403049979585,qfq,stock_zh_a_daily
byd,比亚迪,002594,2026-04-01,105.9,106.5,102.37,102.65,71519811.0,7383168512.0,3486613500.0,0.020512686880837235,qfq,stock_zh_a_daily
byd,比亚迪,002594,2026-04-02,102.49,103.48,100.5,101.65,60434947.0,6153958208.0,3486613500.0,0.01733342310525672,qfq,stock_zh_a_daily
byd,比亚迪,002594,2026-04-03,101.8,102.3,99.0,99.01,49174516.0,4921224066.0,3486613500.0,0.014103804737749108,qfq,stock_zh_a_daily
byd,比亚迪,002594,2026-04-07,99.5,99.77,97.45,97.98,37969746.0,3731963030.0,3486613500.0,0.010890150571607665,qfq,stock_zh_a_daily
byd,比亚迪,002594,2026-04-08,98.5,101.28,98.11,101.22,56281840.0,5621410290.0,3486613500.0,0.016142265266855648,qfq,stock_zh_a_daily
byd,比亚迪,002594,2026-04-09,100.21,100.21,98.81,99.03,37906293.0,3764528220.0,3486613500.0,0.010871951536928312,qfq,stock_zh_a_daily
byd,比亚迪,002594,2026-04-10,99.39,102.2,99.03,101.67,60573135.0,6130392652.0,3486613500.0,0.017373056979214933,qfq,stock_zh_a_daily
byd,比亚迪,002594,2026-04-13,101.57,104.99,100.81,104.25,66313598.0,6887089022.0,3486613500.0,0.019019486387005614,qfq,stock_zh_a_daily
byd,比亚迪,002594,2026-04-14,103.0,104.19,102.5,103.82,54334283.0,5614541232.0,3486613500.0,0.01558368399594621,qfq,stock_zh_a_daily
byd,比亚迪,002594,2026-04-15,103.82,104.77,102.5,103.03,42871917.0,4431952620.0,3486613500.0,0.012296148397291526,qfq,stock_zh_a_daily
byd,比亚迪,002594,2026-04-16,103.28,105.97,103.28,105.54,64366146.0,6763624067.0,3486613500.0,0.018460935231278144,qfq,stock_zh_a_daily
byd,比亚迪,002594,2026-04-17,104.99,105.46,103.12,103.78,44204763.0,4595671718.0,3486613500.0,0.01267842363370646,qfq,stock_zh_a_daily
byd,比亚迪,002594,2026-04-20,103.78,103.95,102.62,102.91,38367696.0,3957213043.0,3486613500.0,0.011004287111261401,qfq,stock_zh_a_daily
byd,比亚迪,002594,2026-04-21,102.91,103.19,101.33,101.53,43225769.0,4398233495.0,3486613500.0,0.012397637134141768,qfq,stock_zh_a_daily
byd,比亚迪,002594,2026-04-22,101.11,102.38,100.6,101.62,34373337.0,3485648244.0,3486613500.0,0.009858659986258872,qfq,stock_zh_a_daily
byd,比亚迪,002594,2026-04-23,101.57,101.59,99.01,99.98,49216375.0,4915554212.0,3486613500.0,0.01411581037014857,qfq,stock_zh_a_daily
byd,比亚迪,002594,2026-04-24,99.91,99.91,98.7,99.46,33773878.0,3348015919.0,3486613500.0,0.009686728397053474,qfq,stock_zh_a_daily
byd,比亚迪,002594,2026-04-27,100.0,104.0,99.88,102.34,60167020.0,6169037082.0,3486613500.0,0.017256578625649215,qfq,stock_zh_a_daily
byd,比亚迪,002594,2026-04-28,101.85,103.3,101.34,101.48,36155004.0,3687912785.0,3486613500.0,0.010369662137773517,qfq,stock_zh_a_daily
byd,比亚迪,002594,2026-04-29,101.47,105.64,101.0,105.4,105655781.0,11021927729.0,3486613500.0,0.030303267339497193,qfq,stock_zh_a_daily
byd,比亚迪,002594,2026-04-30,104.54,105.45,102.37,102.98,60097853.0,6206126903.0,3486613500.0,0.017236740751448362,qfq,stock_zh_a_daily
byd,比亚迪,002594,2026-05-06,101.7,101.89,100.2,100.75,67048711.0,6746578445.0,3486613500.0,0.01923032507044443,qfq,stock_zh_a_daily
byd,比亚迪,002594,2026-05-07,101.05,101.26,100.01,100.46,46884596.0,4708289851.0,3486613500.0,0.013447029904519098,qfq,stock_zh_a_daily
byd,比亚迪,002594,2026-05-08,100.47,101.0,99.8,100.02,38215750.0,3823821998.0,3486613500.0,0.010960707288031783,qfq,stock_zh_a_daily
byd,比亚迪,002594,2026-05-11,100.02,100.73,99.0,100.44,48281004.0,4812920715.0,3486613500.0,0.01384753543804038,qfq,stock_zh_a_daily
byd,比亚迪,002594,2026-05-12,99.97,100.1,99.1,99.23,35344129.0,3514548836.0,3486613500.0,0.010137094059895081,qfq,stock_zh_a_daily
byd,比亚迪,002594,2026-05-13,99.23,99.25,97.81,98.6,45619352.0,4481395884.0,3486613500.0,0.013084143682688086,qfq,stock_zh_a_daily
byd,比亚迪,002594,2026-05-14,99.0,100.0,98.45,98.73,33917988.0,3361151176.0,3486613500.0,0.009728060767274607,qfq,stock_zh_a_daily
byd,比亚迪,002594,2026-05-15,98.0,98.03,96.26,96.3,46621723.0,4507893858.0,3486613500.0,0.013371634969003591,qfq,stock_zh_a_daily
byd,比亚迪,002594,2026-05-18,95.34,95.94,94.3,94.51,35461317.0,3359745463.0,3486613500.0,0.010170704897459956,qfq,stock_zh_a_daily
byd,比亚迪,002594,2026-05-19,94.51,96.08,93.8,96.0,29618439.0,2822346576.0,3486613500.0,0.008494901714801483,qfq,stock_zh_a_daily
byd,比亚迪,002594,2026-05-20,95.3,95.49,93.3,93.36,41500993.0,3900216299.0,3486613500.0,0.011902951961839188,qfq,stock_zh_a_daily
byd,比亚迪,002594,2026-05-21,93.41,96.2,93.41,93.51,37394974.0,3540792199.0,3486613500.0,0.010725299491899518,qfq,stock_zh_a_daily
byd,比亚迪,002594,2026-05-22,93.55,94.19,92.61,93.75,26859177.0,2510615944.0,3486613500.0,0.007703514312670447,qfq,stock_zh_a_daily
byd,比亚迪,002594,2026-05-25,95.0,97.21,95.0,95.96,40599516.0,3900848662.0,3486613500.0,0.011644398210469845,qfq,stock_zh_a_daily
byd,比亚迪,002594,2026-05-26,95.8,96.92,94.51,96.55,38652435.0,3720039551.0,3486613500.0,0.011085953461718655,qfq,stock_zh_a_daily
byd,比亚迪,002594,2026-05-27,96.0,97.27,94.66,95.22,36237356.0,3467882770.0,3486613500.0,0.010393281618395615,qfq,stock_zh_a_daily
byd,比亚迪,002594,2026-05-28,95.22,95.99,94.03,95.88,31458976.0,2991315170.0,3486613500.0,0.009022788445005448,qfq,stock_zh_a_daily
byd,比亚迪,002594,2026-05-29,98.9,99.5,96.13,96.18,60629393.0,5901286621.0,3486613500.0,0.017389192406901424,qfq,stock_zh_a_daily
byd,比亚迪,002594,2026-06-01,96.18,96.22,93.6,93.65,44598076.0,4207350430.0,3486613500.0,0.012791230229562295,qfq,stock_zh_a_daily
byd,比亚迪,002594,2026-06-02,96.0,96.88,94.31,96.76,55496417.0,5321331038.0,3486613500.0,0.015916997109085937,qfq,stock_zh_a_daily
byd,比亚迪,002594,2026-06-03,96.0,96.0,94.5,94.82,37043374.0,3514157745.0,3486613500.0,0.010624456653999647,qfq,stock_zh_a_daily
byd,比亚迪,002594,2026-06-04,93.6,94.39,93.1,93.44,31871174.0,2982999607.0,3486613500.0,0.009141011471446433,qfq,stock_zh_a_daily
byd,比亚迪,002594,2026-06-05,93.52,94.0,92.3,93.01,33996897.0,3159266076.0,3486613500.0,0.009750692756739456,qfq,stock_zh_a_daily
byd,比亚迪,002594,2026-06-08,91.0,92.02,90.3,91.19,31684395.0,2885879183.0,3486613500.0,0.009087441151707811,qfq,stock_zh_a_daily
byd,比亚迪,002594,2026-06-09,91.22,91.92,90.03,91.89,28192695.0,2562232961.0,3486613500.0,0.008085982286249967,qfq,stock_zh_a_daily
byd,比亚迪,002594,2026-06-10,91.0,91.0,90.1,90.31,24128660.0,2182297137.0,3486613500.0,0.006920371300116861,qfq,stock_zh_a_daily
byd,比亚迪,002594,2026-06-11,90.1,90.8,88.88,89.8,31508734.0,2821436895.0,3486613500.0,0.009037059599522574,qfq,stock_zh_a_daily
byd,比亚迪,002594,2026-06-12,89.9,91.78,89.25,91.6,38535178.0,3497028505.0,3486613500.0,0.01105232283417706,qfq,stock_zh_a_daily
byd,比亚迪,002594,2026-06-15,91.61,91.9,90.4,90.82,31297908.0,2847656617.0,3486613500.0,0.008976592329491067,qfq,stock_zh_a_daily
byd,比亚迪,002594,2026-06-16,90.35,90.5,89.5,89.64,33601868.0,3017362613.0,3486613500.0,0.009637393992766906,qfq,stock_zh_a_daily
byd,比亚迪,002594,2026-06-17,89.0,89.3,87.0,87.47,49526711.0,4335318668.0,3486613500.0,0.01420481822834679,qfq,stock_zh_a_daily
byd,比亚迪,002594,2026-06-18,87.0,89.33,86.08,88.13,43578976.0,3820166910.0,3486613500.0,0.012498940877731358,qfq,stock_zh_a_daily
byd,比亚迪,002594,2026-06-22,87.0,87.9,84.6,87.59,63724220.0,5467321886.0,3486613500.0,0.018276823628429133,qfq,stock_zh_a_daily
byd,比亚迪,002594,2026-06-23,86.91,88.32,84.75,85.0,46621668.0,4016365834.0,3486613500.0,0.013371619194384465,qfq,stock_zh_a_daily
byd,比亚迪,002594,2026-06-24,84.5,84.7,82.78,83.3,45573530.0,3803649806.0,3486613500.0,0.013071001417277826,qfq,stock_zh_a_daily
byd,比亚迪,002594,2026-06-25,82.8,83.81,81.34,82.2,55643208.0,4579273325.0,3486613500.0,0.01595909842028662,qfq,stock_zh_a_daily
byd,比亚迪,002594,2026-06-26,81.51,81.8,78.2,78.2,66320802.0,5267490278.0,3486613500.0,0.019021552575299788,qfq,stock_zh_a_daily
byd,比亚迪,002594,2026-06-29,78.2,80.95,77.6,79.64,52370729.0,4160734873.0,3486613500.0,0.015020514605361334,qfq,stock_zh_a_daily
byd,比亚迪,002594,2026-06-30,79.58,80.55,78.58,79.7,38204309.0,3031865049.0,3486613500.0,0.010957425880442441,qfq,stock_zh_a_daily
byd,比亚迪,002594,2026-07-01,79.9,81.65,78.55,80.66,50317661.0,4035250997.0,3486613500.0,0.014431671591932975,qfq,stock_zh_a_daily
byd,比亚迪,002594,2026-07-02,81.9,85.67,81.9,83.57,82504621.0,6956783955.0,3486613500.0,0.023663254042927327,qfq,stock_zh_a_daily
byd,比亚迪,002594,2026-07-03,83.73,88.88,83.6,88.47,83898162.0,7298140284.0,3486613500.0,0.024062937288575288,qfq,stock_zh_a_daily
